code,exchange,name,short_name,manager,scale,listing_date,index_name,market_category,subcategory,included_in_site,site_type,add_priority,eastmoney_name
160125,SZSE,南方香港优选股票,南方香港LOF,南方基金管理股份有限公司,"1,637.65",,,QDII-港股,港股宽基/主题,yes,港股,already_in_site,南方香港优选股票
160322,SZSE,华夏港股通精选股票发起式(LOF)A,港股精选LOF,华夏基金管理有限公司,"1,518.38",,,QDII-港股,港股宽基/主题,yes,港股,already_in_site,华夏港股通精选股票发起式(LOF)A
161831,SZSE,银华恒生中国企业指数,恒生国企LOF,银华基金管理股份有限公司,"11,762.78",,HSCEI,QDII-港股,港股宽基/主题,yes,港股,already_in_site,银华恒生中国企业指数
164705,SZSE,汇添富恒生指数(QDII-LOF)A,恒生LOF,汇添富基金管理股份有限公司,"4,291.71",,HSI,QDII-港股,港股宽基/主题,yes,港股,already_in_site,汇添富恒生指数(QDII-LOF)A
501021,SSE,华宝香港中小(QDII-LOF)A,香港中小,华宝基金管理有限公司,0.5207,2016/7/6,-,QDII-港股,港股宽基/主题,yes,港股,already_in_site,华宝香港中小(QDII-LOF)A
501025,SSE,鹏华香港银行指数(LOF)A,香港银行,鹏华基金管理有限公司,4.1957,2016/11/24,-,QDII-港股,港股行业,yes,港股,already_in_site,鹏华香港银行指数(LOF)A
501303,SSE,广发恒生中型股指数(LOF)A,恒生中型,广发基金管理有限公司,0.225,2017/10/25,-,QDII-港股,港股宽基/主题,yes,港股,already_in_site,广发恒生中型股指数(LOF)A
501305,SSE,汇添富港股红利ETF联接A,港股高息,汇添富基金管理股份有限公司,0.1629,2018/1/18,-,QDII-港股,港股红利,yes,港股,already_in_site,汇添富港股红利ETF联接A
501306,SSE,汇添富港股红利ETF联接C,港股高C,汇添富基金管理股份有限公司,0.1328,2018/1/18,-,QDII-港股,港股红利,yes,港股,already_in_site,汇添富港股红利ETF联接C
501311,SSE,嘉实港股通新经济指数A,新经济HK,嘉实基金管理有限公司,0.4385,2019/2/14,-,QDII-港股,港股宽基/主题,yes,港股,already_in_site,嘉实港股通新经济指数A
161126,SZSE,易方达标普医疗保健人民币A,标普医疗保健LOF,易方达基金管理有限公司,"4,926.44",,SP50035,QDII-美股,美股宽基/主题,yes,美股,already_in_site,易方达标普医疗保健人民币A
161129,SZSE,易方达原油A类人民币,原油LOF易方达,易方达基金管理有限公司,"43,929.69",,,商品-原油,原油/油气,yes,原油主题,already_in_site,易方达原油A类人民币
160106,SZSE,南方高增长混合(LOF),南方高增LOF,南方基金管理股份有限公司,"3,428.20",,,A股-主动,境内主动权益/混合,yes,A股主动,already_in_site,南方高增长混合(LOF)
160127,SZSE,南方新兴消费增长股票(LOF)A,南方消费LOF,南方基金管理股份有限公司,"3,426.04",,,A股-主动,境内主动权益/混合,yes,A股主动,already_in_site,南方新兴消费增长股票(LOF)A
160133,SZSE,南方天元新产业股票(LOF),南方天元LOF,南方基金管理股份有限公司,"11,615.81",,,A股-主动,境内主动权益/混合,yes,A股主动,already_in_site,南方天元新产业股票(LOF)
160142,SZSE,南方优势产业(LOF),南方优势产业LOF,南方基金管理股份有限公司,"3,535.25",,,A股-主动,境内主动权益/混合,yes,A股主动,already_in_site,南方优势产业(LOF)
160212,SZSE,国泰估值优势混合(LOF)A,国泰估值LOF,国泰基金管理有限公司,824.39,,,A股-主动,境内主动权益/混合,yes,A股主动,already_in_site,国泰估值优势混合(LOF)A
160215,SZSE,国泰价值经典混合(LOF),国泰价值LOF,国泰基金管理有限公司,191.45,,,A股-主动,境内主动权益/混合,yes,A股主动,already_in_site,国泰价值经典混合(LOF)
160220,SZSE,国泰民益混合(LOF)A,国泰民益LOF,国泰基金管理有限公司,425.99,,,A股-主动,境内主动权益/混合,yes,A股主动,already_in_site,国泰民益混合(LOF)A
160311,SZSE,华夏蓝筹混合(LOF)A,华夏蓝筹LOF,华夏基金管理有限公司,"6,279.43",,,A股-主动,境内主动权益/混合,yes,A股主动,already_in_site,华夏蓝筹混合(LOF)A
160314,SZSE,华夏行业混合(LOF),华夏行业LOF,华夏基金管理有限公司,"6,296.25",,,A股-主动,境内主动权益/混合,yes,A股主动,already_in_site,华夏行业混合(LOF)
160323,SZSE,华夏磐泰混合(LOF)A,华夏磐泰LOF,华夏基金管理有限公司,"6,294.44",,,A股-主动,境内主动权益/混合,yes,A股主动,already_in_site,华夏磐泰混合(LOF)A
160324,SZSE,华夏磐晟混合(LOF),华夏磐晟LOF,华夏基金管理有限公司,870.07,,,A股-主动,境内主动权益/混合,yes,A股主动,already_in_site,华夏磐晟混合(LOF)
160421,SZSE,华安智增精选混合,华安智增LOF,华安基金管理有限公司,"1,178.64",,,A股-主动,境内主动权益/混合,yes,A股主动,already_in_site,华安智增精选混合
160505,SZSE,博时主题行业混合(LOF),博时主题LOF,博时基金管理有限公司,"16,451.42",,,A股-主动,境内主动权益/混合,yes,A股主动,already_in_site,博时主题行业混合(LOF)
160512,SZSE,博时卓越品牌混合(LOF)A,博时卓越LOF,博时基金管理有限公司,"1,123.47",,,A股-主动,境内主动权益/混合,yes,A股主动,already_in_site,博时卓越品牌混合(LOF)A
160518,SZSE,博时睿远LOF,博时睿远LOF,博时基金管理有限公司,"1,610.76",,,A股-主动,境内主动权益/混合,yes,A股主动,already_in_site,博时睿远
160526,SZSE,博时优势企业灵活配置混合A,博时优势企业,博时基金管理有限公司,222.36,,,A股-主动,境内主动权益/混合,yes,A股主动,already_in_site,博时优势企业灵活配置混合A
160527,SZSE,博时研究优选混合(LOF)A,博时研究优选LOF,博时基金管理有限公司,492.72,,,A股-主动,境内主动权益/混合,yes,A股主动,already_in_site,博时研究优选混合(LOF)A
160607,SZSE,鹏华价值优势混合(LOF),鹏华价值优势LOF,鹏华基金管理有限公司,"5,716.79",,,A股-主动,境内主动权益/混合,yes,A股主动,already_in_site,鹏华价值优势混合(LOF)
160610,SZSE,鹏华动力增长混合(LOF),鹏华动力LOF,鹏华基金管理有限公司,"2,634.98",,,A股-主动,境内主动权益/混合,yes,A股主动,already_in_site,鹏华动力增长混合(LOF)
160611,SZSE,鹏华优质治理混合(LOF)A,鹏华优质治理LOF,鹏华基金管理有限公司,"5,890.07",,,A股-主动,境内主动权益/混合,yes,A股主动,already_in_site,鹏华优质治理混合(LOF)A
160613,SZSE,鹏华盛世创新混合(LOF)A,鹏华盛世创新LOF,鹏华基金管理有限公司,798.35,,,A股-主动,境内主动权益/混合,yes,A股主动,already_in_site,鹏华盛世创新混合(LOF)A
160641,SZSE,鹏华丰锐LOF,鹏华丰锐LOF,鹏华基金管理有限公司,61.74,,,A股-主动,境内主动权益/混合,yes,A股主动,already_in_site,
160642,SZSE,鹏华增瑞混合(LOF)A,鹏华增瑞LOF,鹏华基金管理有限公司,48.27,,,A股-主动,境内主动权益/混合,yes,A股主动,already_in_site,鹏华增瑞混合(LOF)A
160722,SZSE,嘉实惠泽混合(LOF),嘉实惠泽LOF,嘉实基金管理有限公司,288.6,,,A股-主动,境内主动权益/混合,yes,A股主动,already_in_site,嘉实惠泽混合(LOF)
160726,SZSE,嘉实瑞享定期混合,嘉实瑞享定开,嘉实基金管理有限公司,"4,485.23",,,A股-主动,境内主动权益/混合,yes,A股主动,already_in_site,嘉实瑞享定期混合
160805,SZSE,长盛同智优势混合(LOF),长盛同智LOF,长盛基金管理有限公司,"3,696.49",,,A股-主动,境内主动权益/混合,yes,A股主动,already_in_site,长盛同智优势混合(LOF)
160812,SZSE,长盛同益成长回报(LOF),长盛同益LOF,长盛基金管理有限公司,"4,737.23",,,A股-主动,境内主动权益/混合,yes,A股主动,already_in_site,长盛同益成长回报(LOF)
160813,SZSE,长盛同盛成长优选(LOF),长盛同盛LOF,长盛基金管理有限公司,"8,410.22",,,A股-主动,境内主动权益/混合,yes,A股主动,already_in_site,长盛同盛成长优选(LOF)
160910,SZSE,大成创新成长混合(LOF)A,创新成长LOF,大成基金管理有限公司,"2,253.82",,,A股-主动,境内主动权益/混合,yes,A股主动,already_in_site,大成创新成长混合(LOF)A
160916,SZSE,大成优选混合(LOF)A,优选LOF,大成基金管理有限公司,"6,985.32",,,A股-主动,境内主动权益/混合,yes,A股主动,already_in_site,大成优选混合(LOF)A
160919,SZSE,大成产业升级股票(LOF)A,产业升级LOF,大成基金管理有限公司,"8,528.57",,,A股-主动,境内主动权益/混合,yes,A股主动,already_in_site,大成产业升级股票(LOF)A
160921,SZSE,大成多策略混合(LOF)A,多策略LOF,大成基金管理有限公司,209.77,,,A股-主动,境内主动权益/混合,yes,A股主动,already_in_site,大成多策略混合(LOF)A
161005,SZSE,富国天惠成长混合(LOF)A,富国天惠LOF,富国基金管理有限公司,"40,662.31",,,A股-主动,境内主动权益/混合,yes,A股主动,already_in_site,富国天惠成长混合(LOF)A
161131,SZSE,易方达科润混合(LOF),易方达科润LOF,易方达基金管理有限公司,"5,206.25",,,A股-主动,境内主动权益/混合,yes,A股主动,already_in_site,易方达科润混合(LOF)
161132,SZSE,易方达科顺定开混合,易方达科顺定开,易方达基金管理有限公司,681.94,,,A股-主动,境内主动权益/混合,yes,A股主动,already_in_site,易方达科顺定开混合
161219,SZSE,国投瑞银新兴产业混合(LOF)A,国投新兴产业LOF,国投瑞银基金管理有限公司,70.51,,,A股-主动,境内主动权益/混合,yes,A股主动,already_in_site,国投瑞银新兴产业混合(LOF)A
161222,SZSE,国投瑞银瑞利混合(LOF)A,国投瑞利LOF,国投瑞银基金管理有限公司,807.2,,,A股-主动,境内主动权益/混合,yes,A股主动,already_in_site,国投瑞银瑞利混合(LOF)A
161224,SZSE,国投瑞银新丝路混合(LOF),国投新丝路LOF,国投瑞银基金管理有限公司,550.37,,,A股-主动,境内主动权益/混合,yes,A股主动,already_in_site,国投瑞银新丝路混合(LOF)
161225,SZSE,国投瑞银瑞盈混合(LOF)A,国投瑞盈LOF,国投瑞银基金管理有限公司,737.63,,,A股-主动,境内主动权益/混合,yes,A股主动,already_in_site,国投瑞银瑞盈混合(LOF)A
161229,SZSE,国投瑞银中国价值发现股票,国投中国价值LOF,国投瑞银基金管理有限公司,485.68,,,A股-主动,境内主动权益/混合,yes,A股主动,already_in_site,国投瑞银中国价值发现股票
161232,SZSE,国投瑞银瑞盛混合(LOF)A,国投瑞盛LOF,国投瑞银基金管理有限公司,963.99,,,A股-主动,境内主动权益/混合,yes,A股主动,already_in_site,国投瑞银瑞盛混合(LOF)A
161233,SZSE,国投瑞银瑞泰多策略混合A,国投瑞泰LOF,国投瑞银基金管理有限公司,63.82,,,A股-主动,境内主动权益/混合,yes,A股主动,already_in_site,国投瑞银瑞泰多策略混合A
161610,SZSE,融通领先成长混合(LOF)A,融通领先成长LOF,融通基金管理有限公司,"4,911.18",,,A股-主动,境内主动权益/混合,yes,A股主动,already_in_site,融通领先成长混合(LOF)A
161706,SZSE,招商优质成长混合(LOF),招商成长LOF,招商基金管理有限公司,"1,096.13",,,A股-主动,境内主动权益/混合,yes,A股主动,already_in_site,招商优质成长混合(LOF)
161722,SZSE,招商丰泰混合(LOF),招商丰泰LOF,招商基金管理有限公司,31.87,,,A股-主动,境内主动权益/混合,yes,A股主动,already_in_site,招商丰泰混合(LOF)
161727,SZSE,招商增荣混合(LOF),招商增荣LOF,招商基金管理有限公司,42.5,,,A股-主动,境内主动权益/混合,yes,A股主动,already_in_site,招商增荣混合(LOF)
161728,SZSE,招商瑞智优选混合(LOF),招商优选LOF,招商基金管理有限公司,"2,271.59",,,A股-主动,境内主动权益/混合,yes,A股主动,already_in_site,招商瑞智优选混合(LOF)
161729,SZSE,招商瑞利灵活配置混合(LOF)A,招商瑞利LOF,招商基金管理有限公司,358.57,,,A股-主动,境内主动权益/混合,yes,A股主动,already_in_site,招商瑞利灵活配置混合(LOF)A
161810,SZSE,银华内需精选混合(LOF),银华内需LOF,银华基金管理股份有限公司,"4,250.61",,,A股-主动,境内主动权益/混合,yes,A股主动,already_in_site,银华内需精选混合(LOF)
161834,SZSE,银华鑫锐灵活配置混合(LOF)A,银华鑫锐LOF,银华基金管理股份有限公司,"1,069.76",,,A股-主动,境内主动权益/混合,yes,A股主动,already_in_site,银华鑫锐灵活配置混合(LOF)A
161837,SZSE,银华大盘两年定开混合,银华大盘定开,银华基金管理股份有限公司,979.91,,,A股-主动,境内主动权益/混合,yes,A股主动,already_in_site,银华大盘两年定开混合
161903,SZSE,万家行业优选混合(LOF),万家行业优选LOF,万家基金管理有限公司,"22,766.12",,,A股-主动,境内主动权益/混合,yes,A股主动,already_in_site,万家行业优选混合(LOF)
161912,SZSE,万家社会责任18个月定开A,社会责任定开,万家基金管理有限公司,"5,476.08",,,A股-主动,境内主动权益/混合,yes,A股主动,already_in_site,万家社会责任18个月定开A
162006,SZSE,长城久富混合(LOF)A,长城久富LOF,长城基金管理有限公司,"2,940.22",,,A股-主动,境内主动权益/混合,yes,A股主动,already_in_site,长城久富混合(LOF)A
162207,SZSE,宏利效率优选混合(LOF),宏利效率混合LOF,宏利基金管理有限公司,"1,238.41",,,A股-主动,境内主动权益/混合,yes,A股主动,already_in_site,宏利效率优选混合(LOF)
162414,SZSE,华宝新机遇混合(LOF)A,新机遇LOF,华宝基金管理有限公司,46.46,,,A股-主动,境内主动权益/混合,yes,A股主动,already_in_site,华宝新机遇混合(LOF)A
162605,SZSE,景顺长城鼎益混合(LOF)A,景顺鼎益LOF,景顺长城基金管理有限公司,"30,120.77",,,A股-主动,境内主动权益/混合,yes,A股主动,already_in_site,景顺长城鼎益混合(LOF)A
162607,SZSE,景顺长城资源垄断混合(LOF)A,景顺资源LOF,景顺长城基金管理有限公司,"4,376.80",,,A股-主动,境内主动权益/混合,yes,A股主动,already_in_site,景顺长城资源垄断混合(LOF)A
163302,SZSE,大摩资源优选混合(LOF),大摩资源LOF,摩根士丹利基金管理(中国)有限公司,"1,008.42",,,A股-主动,境内主动权益/混合,yes,A股主动,already_in_site,大摩资源优选混合(LOF)
163402,SZSE,兴全趋势投资混合(LOF),兴全趋势LOF,兴证全球基金管理有限公司,"78,161.96",,,A股-主动,境内主动权益/混合,yes,A股主动,already_in_site,兴全趋势投资混合(LOF)
163406,SZSE,兴全合润混合A,兴全合润LOF,兴证全球基金管理有限公司,"22,846.72",,,A股-主动,境内主动权益/混合,yes,A股主动,already_in_site,兴全合润混合A
163409,SZSE,兴全绿色投资混合(LOF),兴全绿色LOF,兴证全球基金管理有限公司,"3,618.80",,,A股-主动,境内主动权益/混合,yes,A股主动,already_in_site,兴全绿色投资混合(LOF)
163412,SZSE,兴全轻资产混合(LOF),兴全轻资产LOF,兴证全球基金管理有限公司,"2,708.20",,,A股-主动,境内主动权益/混合,yes,A股主动,already_in_site,兴全轻资产混合(LOF)
163415,SZSE,兴全商业模式混合(LOF)A,兴全商业模式LOF,兴证全球基金管理有限公司,"7,104.08",,,A股-主动,境内主动权益/混合,yes,A股主动,already_in_site,兴全商业模式混合(LOF)A
163417,SZSE,兴全合宜混合(LOF)A,兴全合宜LOF,兴证全球基金管理有限公司,"119,005.54",,,A股-主动,境内主动权益/混合,yes,A股主动,already_in_site,兴全合宜混合(LOF)A
163418,SZSE,兴全合兴混合A,兴全合兴LOF,兴证全球基金管理有限公司,"22,920.05",,,A股-主动,境内主动权益/混合,yes,A股主动,already_in_site,兴全合兴混合A
163503,SZSE,天治核心成长混合(LOF),天治核心LOF,天治基金管理有限公司,"6,618.52",,,A股-主动,境内主动权益/混合,yes,A股主动,already_in_site,天治核心成长混合(LOF)
163801,SZSE,中银中国混合(LOF)A,中银中国LOF,中银基金管理有限公司,"2,434.04",,,A股-主动,境内主动权益/混合,yes,A股主动,already_in_site,中银中国混合(LOF)A
164403,SZSE,前海开源沪港深农业混合A,农业精选LOF,前海开源基金管理有限公司,"2,030.29",,,A股-主动,境内主动权益/混合,yes,A股主动,already_in_site,前海开源沪港深农业混合A
165313,SZSE,建信优势动力混合(LOF),建信优势LOF,建信基金管理有限责任公司,"2,720.25",,,A股-主动,境内主动权益/混合,yes,A股主动,already_in_site,建信优势动力混合(LOF)
165508,SZSE,中信保诚深度价值混合(LOF),中信保诚深度LOF,中信保诚基金管理有限公司,18.26,,,A股-主动,境内主动权益/混合,yes,A股主动,already_in_site,中信保诚深度价值混合(LOF)
165512,SZSE,中信保诚新机遇混合(LOF),中信保诚机遇LOF,中信保诚基金管理有限公司,28.66,,,A股-主动,境内主动权益/混合,yes,A股主动,already_in_site,中信保诚新机遇混合(LOF)
165516,SZSE,中信保诚周期轮动混合(LOF)A,中信保诚周期LOF,中信保诚基金管理有限公司,422.91,,,A股-主动,境内主动权益/混合,yes,A股主动,already_in_site,中信保诚周期轮动混合(LOF)A
165528,SZSE,中信保诚鼎利混合(LOF)A,中信保诚鼎利LOF,中信保诚基金管理有限公司,380.06,,,A股-主动,境内主动权益/混合,yes,A股主动,already_in_site,中信保诚鼎利混合(LOF)A
166001,SZSE,中欧新趋势混合A,中欧趋势LOF,中欧基金管理有限公司,"3,844.79",,,A股-主动,境内主动权益/混合,yes,A股主动,already_in_site,中欧新趋势混合A
166006,SZSE,中欧行业成长混合(LOF)A,中欧成长LOF,中欧基金管理有限公司,"1,126.65",,,A股-主动,境内主动权益/混合,yes,A股主动,already_in_site,中欧行业成长混合(LOF)A
166009,SZSE,中欧新动力混合(LOF)A,中欧动力LOF,中欧基金管理有限公司,87.3,,,A股-主动,境内主动权益/混合,yes,A股主动,already_in_site,中欧新动力混合(LOF)A
166011,SZSE,中欧盛世成长混合(LOF)A,中欧盛世LOF,中欧基金管理有限公司,625.18,,,A股-主动,境内主动权益/混合,yes,A股主动,already_in_site,中欧盛世成长混合(LOF)A
166023,SZSE,中欧瑞丰灵活配置混合(LOF)A,中欧瑞丰LOF,中欧基金管理有限公司,958.49,,,A股-主动,境内主动权益/混合,yes,A股主动,already_in_site,中欧瑞丰灵活配置混合(LOF)A
166024,SZSE,中欧恒利三年定期开放混合,中欧恒利定开,中欧基金管理有限公司,"8,594.74",,,A股-主动,境内主动权益/混合,yes,A股主动,already_in_site,中欧恒利三年定期开放混合
166025,SZSE,中欧远见两年定开混合A,中欧远见定开,中欧基金管理有限公司,"6,213.09",,,A股-主动,境内主动权益/混合,yes,A股主动,already_in_site,中欧远见两年定开混合A
167001,SZSE,平安鼎泰混合(LOF),鼎泰LOF,平安基金管理有限公司,"1,067.30",,,A股-主动,境内主动权益/混合,yes,A股主动,already_in_site,平安鼎泰混合(LOF)
167002,SZSE,平安鼎越混合(LOF),鼎越LOF,平安基金管理有限公司,724.42,,,A股-主动,境内主动权益/混合,yes,A股主动,already_in_site,平安鼎越混合(LOF)
167003,SZSE,平安鼎弘混合(LOF)A,鼎弘LOF,平安基金管理有限公司,37.25,,,A股-主动,境内主动权益/混合,yes,A股主动,already_in_site,平安鼎弘混合(LOF)A
167508,SZSE,安信价值发现两年定开混合(LOF),安信价值发现定开,安信基金管理有限责任公司,"2,166.60",,,A股-主动,境内主动权益/混合,yes,A股主动,already_in_site,安信价值发现两年定开混合(LOF)
168101,SZSE,九泰锐智事件驱动混合(LOF),九泰锐智LOF,九泰基金管理有限公司,606.28,,,A股-主动,境内主动权益/混合,yes,A股主动,already_in_site,九泰锐智事件驱动混合(LOF)
168102,SZSE,九泰锐富LOF,九泰锐富LOF,九泰基金管理有限公司,824.57,,,A股-主动,境内主动权益/混合,yes,A股主动,already_in_site,九泰锐富事件驱动混合发起式(L
168103,SZSE,九泰锐益混合(LOF)A,九泰锐益LOF,九泰基金管理有限公司,"4,845.26",,,A股-主动,境内主动权益/混合,yes,A股主动,already_in_site,九泰锐益混合(LOF)A
168104,SZSE,九泰锐丰灵活配置混合(LOF)A,九泰锐丰LOF,九泰基金管理有限公司,85.58,,,A股-主动,境内主动权益/混合,yes,A股主动,already_in_site,九泰锐丰灵活配置混合(LOF)A
168105,SZSE,九泰泰富灵活配置混合(LOF)A,九泰泰富LOF,九泰基金管理有限公司,560.29,,,A股-主动,境内主动权益/混合,yes,A股主动,already_in_site,九泰泰富灵活配置混合(LOF)A
168301,SZSE,东海祥龙(LOF)A,东海祥龙LOF,东海基金管理有限责任公司,355.98,,,A股-主动,境内主动权益/混合,yes,A股主动,already_in_site,东海祥龙(LOF)A
168401,SZSE,红土转型精选混合(LOF),红土创新精选LOF,红土创新基金管理有限公司,681.25,,,A股-主动,境内主动权益/混合,yes,A股主动,already_in_site,红土转型精选混合(LOF)
169101,SZSE,东方红睿丰LOF,东方红睿丰LOF,上海东方证券资产管理有限公司,"2,706.51",,,A股-主动,境内主动权益/混合,yes,A股主动,already_in_site,东方红睿丰混合
169104,SZSE,东方红睿满沪港深混合(LOF)A,东方红睿满LOF,上海东方证券资产管理有限公司,"1,243.64",,,A股-主动,境内主动权益/混合,yes,A股主动,already_in_site,东方红睿满沪港深混合(LOF)A
169105,SZSE,东方红睿华沪港深混合(LOF)A,东方红睿华LOF,上海东方证券资产管理有限公司,"3,487.67",,,A股-主动,境内主动权益/混合,yes,A股主动,already_in_site,东方红睿华沪港深混合(LOF)A
169106,SZSE,东方红创新优选定开混合,东方红创优定开,上海东方证券资产管理有限公司,"5,476.45",,,A股-主动,境内主动权益/混合,yes,A股主动,already_in_site,东方红创新优选定开混合
169201,SZSE,浙商鼎盈事件驱动混合,浙商鼎盈LOF,浙江浙商证券资产管理有限公司,114.84,,,A股-主动,境内主动权益/混合,yes,A股主动,already_in_site,浙商鼎盈事件驱动混合
501001,SSE,财通多策略精选混合(LOF),财通精选,财通基金管理有限公司,0.0601,2015/9/25,-,A股-主动,境内主动权益/混合,yes,A股主动,already_in_site,财通多策略精选混合(LOF)
501006,SSE,精准医C,精准医C,汇添富基金管理股份有限公司,0.0031,2016/3/21,-,A股-主动,境内主动权益/混合,no,,3_a_share,
501015,SSE,财通多策略升级混合(LOF)A,财通升级,财通基金管理有限公司,0.4876,2016/6/6,-,A股-主动,境内主动权益/混合,yes,A股主动,already_in_site,财通多策略升级混合(LOF)A
501017,SSE,国泰融丰外延增长混合(LOF)A,国泰融丰,国泰基金管理有限公司,0.0502,2016/8/26,-,A股-主动,境内主动权益/混合,yes,A股主动,already_in_site,国泰融丰外延增长混合(LOF)A
501022,SSE,银华鑫盛灵活配置混合(LOF)A,银华鑫盛,银华基金管理股份有限公司,0.117,2016/11/10,-,A股-主动,境内主动权益/混合,yes,A股主动,already_in_site,银华鑫盛灵活配置混合(LOF)A
501023,SSE,港中小企LOF,港中小企,鹏华基金管理有限公司,0.0216,2016/10/24,-,A股-主动,境内主动权益/混合,no,,3_a_share,
501026,SSE,财通多策略福享混合(LOF),财通福享,财通基金管理有限公司,0.1404,2016/12/15,-,A股-主动,境内主动权益/混合,yes,A股主动,already_in_site,财通多策略福享混合(LOF)
501028,SSE,财通多策略福瑞混合发起式(LOF)A,财通福瑞,财通基金管理有限公司,0.0354,2017/2/20,-,A股-主动,境内主动权益/混合,yes,A股主动,already_in_site,财通多策略福瑞混合发起式(LOF)A
501032,SSE,财通福盛混合发起(LOF)A,财通福盛,财通基金管理有限公司,0.0095,2017/4/21,-,A股-主动,境内主动权益/混合,yes,A股主动,already_in_site,财通福盛混合发起(LOF)A
501038,SSE,银华明择多策略定期开放混合,银华明择,银华基金管理股份有限公司,0.1804,2017/11/24,-,A股-主动,境内主动权益/混合,yes,A股主动,already_in_site,银华明择多策略定期开放混合
501046,SSE,财通多策略福鑫定开混合,财通福鑫,财通基金管理有限公司,1.1871,2017/12/1,-,A股-主动,境内主动权益/混合,yes,A股主动,already_in_site,财通多策略福鑫定开混合
501051,SSE,圆信永丰汇利混合(LOF),圆信汇利,圆信永丰基金管理有限公司,0.1363,2018/1/31,-,A股-主动,境内主动权益/混合,yes,A股主动,already_in_site,圆信永丰汇利混合(LOF)
501053,SSE,东方红目标优选定开混合,东证目优,上海东方证券资产管理有限公司,0.0442,2018/8/24,-,A股-主动,境内主动权益/混合,yes,A股主动,already_in_site,东方红目标优选定开混合
501057,SSE,新能源车LOF,新能源车,汇添富基金管理股份有限公司,1.0517,2018/6/20,-,A股-主动,境内主动权益/混合,yes,A股主动,already_in_site,汇添富中证新能源汽车产业指数(
501058,SSE,新能源车LOFC,新能车C,汇添富基金管理股份有限公司,0.2501,2018/6/20,-,A股-主动,境内主动权益/混合,yes,A股主动,already_in_site,汇添富中证新能源汽车产业指数(
501062,SSE,南方瑞合定开混合(LOF),南方瑞合,南方基金管理股份有限公司,1.8209,2018/12/5,-,A股-主动,境内主动权益/混合,yes,A股主动,already_in_site,南方瑞合定开混合(LOF)
501064,SSE,国泰价值优选灵活配置混合(LOF)A,国泰价值,国泰基金管理有限公司,0.0594,2019/5/16,-,A股-主动,境内主动权益/混合,yes,A股主动,already_in_site,国泰价值优选灵活配置混合(LOF)A
501065,SSE,汇添富经典成长定开混合,经典成长,汇添富基金管理股份有限公司,0.1652,2019/5/8,-,A股-主动,境内主动权益/混合,yes,A股主动,already_in_site,汇添富经典成长定开混合
501070,SSE,广发睿阳三年定开混合,广发睿阳,广发基金管理有限公司,0.2044,2019/7/31,-,A股-主动,境内主动权益/混合,yes,A股主动,already_in_site,广发睿阳三年定开混合
501071,SSE,泓德丰泽混合(LOF)A,泓德丰泽,泓德基金管理有限公司,0.1193,2019/9/19,-,A股-主动,境内主动权益/混合,yes,A股主动,already_in_site,泓德丰泽混合(LOF)A
501073,SSE,华安智联混合(LOF)A,华安智联,华安基金管理有限公司,0.3476,2019/12/20,-,A股-主动,境内主动权益/混合,yes,A股主动,already_in_site,华安智联混合(LOF)A
501075,SSE,万家科创主题灵活配置混合(LOF)A,科创主题,万家基金管理有限公司,0.525,2019/9/12,-,A股-主动,境内主动权益/混合,yes,A股主动,already_in_site,万家科创主题灵活配置混合(LOF)A
501076,SSE,鹏华创新动力混合(LOF),创新动力,鹏华基金管理有限公司,0.3712,2019/12/9,-,A股-主动,境内主动权益/混合,yes,A股主动,already_in_site,鹏华创新动力混合(LOF)
501077,SSE,富国创新企业灵活配置混合(LOF)A,创新企业,富国基金管理有限公司,1.019,2019/10/28,-,A股-主动,境内主动权益/混合,yes,A股主动,already_in_site,富国创新企业灵活配置混合(LOF)A
501078,SSE,广发科创主题灵活配置混合(LOF),科创配置,广发基金管理有限公司,1.4581,2019/11/18,-,A股-主动,境内主动权益/混合,yes,A股主动,already_in_site,广发科创主题灵活配置混合(LOF)
501079,SSE,大成科创主题混合(LOF)A,科创大成,大成基金管理有限公司,1.1722,2020/1/20,-,A股-主动,境内主动权益/混合,yes,A股主动,already_in_site,大成科创主题混合(LOF)A
501080,SSE,中金科创主题灵活配置混合(LOF),科创中金,中金基金管理有限公司,0.3109,2019/12/25,-,A股-主动,境内主动权益/混合,yes,A股主动,already_in_site,中金科创主题灵活配置混合(LOF)
501081,SSE,中欧科创主题混合(LOF)A,科创中欧,中欧基金管理有限公司,0.7696,2019/9/6,-,A股-主动,境内主动权益/混合,yes,A股主动,already_in_site,中欧科创主题混合(LOF)A
501082,SSE,博时科创主题灵活配置混合(LOF)A,科创投资,博时基金管理有限公司,1.0737,2019/12/26,-,A股-主动,境内主动权益/混合,yes,A股主动,already_in_site,博时科创主题灵活配置混合(LOF)A
501083,SSE,银华科创主题灵活配置混合(LOF),科创银华,银华基金管理股份有限公司,0.5194,2020/1/7,-,A股-主动,境内主动权益/混合,yes,A股主动,already_in_site,银华科创主题灵活配置混合(LOF)
501085,SSE,财通科创主题灵活配置混合(LOF),科创财通,财通基金管理有限公司,0.7793,2020/2/7,-,A股-主动,境内主动权益/混合,yes,A股主动,already_in_site,财通科创主题灵活配置混合(LOF)
501087,SSE,交银瑞丰混合(LOF),交银瑞丰,交银施罗德基金管理有限公司,0.2402,2020/3/9,-,A股-主动,境内主动权益/混合,yes,A股主动,already_in_site,交银瑞丰混合(LOF)
501088,SSE,嘉实瑞虹三年定期混合,嘉实瑞虹,嘉实基金管理有限公司,0.1479,2020/3/9,-,A股-主动,境内主动权益/混合,yes,A股主动,already_in_site,嘉实瑞虹三年定期混合
501091,SSE,嘉实欣荣混合(LOF)A,嘉实欣荣,嘉实基金管理有限公司,0.1496,2020/7/22,-,A股-主动,境内主动权益/混合,yes,A股主动,already_in_site,嘉实欣荣混合(LOF)A
501092,SSE,交银瑞思混合(LOF),交银瑞思,交银施罗德基金管理有限公司,0.045,2020/8/5,-,A股-主动,境内主动权益/混合,yes,A股主动,already_in_site,交银瑞思混合(LOF)
501093,SSE,华夏翔阳两年定开混合,华夏翔阳,华夏基金管理有限公司,0.2086,2021/1/8,-,A股-主动,境内主动权益/混合,yes,A股主动,already_in_site,华夏翔阳两年定开混合
501096,SSE,国联安科创混合(LOF),科创国联,国联安基金管理有限公司,0.2498,2020/7/22,-,A股-主动,境内主动权益/混合,yes,A股主动,already_in_site,国联安科创混合(LOF)
501097,SSE,国寿安保科技创新混合(LOF),科创国寿,国寿安保基金管理有限公司,0.1257,2020/8/28,-,A股-主动,境内主动权益/混合,yes,A股主动,already_in_site,国寿安保科技创新混合(LOF)
501098,SSE,建信优享科技创新混合(LOF),科创建信,建信基金管理有限责任公司,0.0393,2020/4/27,-,A股-主动,境内主动权益/混合,yes,A股主动,already_in_site,建信优享科技创新混合(LOF)
501099,SSE,平安新兴产业混合(LOF),新兴平安,平安基金管理有限公司,0.0981,2020/7/1,-,A股-主动,境内主动权益/混合,yes,A股主动,already_in_site,平安新兴产业混合(LOF)
501186,SSE,华夏兴融混合(LOF)A,华夏兴融,华夏基金管理有限公司,0.3043,2019/3/29,-,A股-主动,境内主动权益/混合,yes,A股主动,already_in_site,华夏兴融混合(LOF)A
501188,SSE,汇添富核心精选混合(LOF),添富精选,汇添富基金管理股份有限公司,0.4654,2019/3/29,-,A股-主动,境内主动权益/混合,yes,A股主动,already_in_site,汇添富核心精选混合(LOF)
501189,SSE,嘉实产业优选混合(LOF)A,嘉实优选,嘉实基金管理有限公司,0.1758,2019/3/29,-,A股-主动,境内主动权益/混合,yes,A股主动,already_in_site,嘉实产业优选混合(LOF)A
501200,SSE,民生加银科技创新混合(LOF),科创加银,民生加银基金管理有限公司,0.078,2020/12/21,-,A股-主动,境内主动权益/混合,yes,A股主动,already_in_site,民生加银科技创新混合(LOF)
501201,SSE,红土创新科技创新股票(LOF),科创红土,红土创新基金管理有限公司,0.3823,2021/3/5,-,A股-主动,境内主动权益/混合,yes,A股主动,already_in_site,红土创新科技创新股票(LOF)
501202,SSE,华泰紫金创新先锋混合(LOF)C,创新华泰,华泰证券（上海）资产管理有限公司,0.2861,2020/11/16,-,A股-主动,境内主动权益/混合,yes,A股主动,already_in_site,华泰紫金创新先锋混合(LOF)C
501203,SSE,易方达创新未来混合(LOF),易基未来,易方达基金管理有限公司,0.9248,2021/1/21,-,A股-主动,境内主动权益/混合,yes,A股主动,already_in_site,易方达创新未来混合(LOF)
501205,SSE,鹏华创新未来混合(LOF),鹏华创新,鹏华基金管理有限公司,1.3818,2021/1/21,-,A股-主动,境内主动权益/混合,yes,A股主动,already_in_site,鹏华创新未来混合(LOF)
501206,SSE,汇添富创新未来混合(LOF),添富创新,汇添富基金管理股份有限公司,0.68,2021/1/21,-,A股-主动,境内主动权益/混合,yes,A股主动,already_in_site,汇添富创新未来混合(LOF)
501207,SSE,华夏创新未来混合(LOF),华夏创新,华夏基金管理有限公司,0.7922,2021/1/21,-,A股-主动,境内主动权益/混合,yes,A股主动,already_in_site,华夏创新未来混合(LOF)
501208,SSE,中欧创新未来混合(LOF),中欧创新,中欧基金管理有限公司,0.8839,2021/1/21,-,A股-主动,境内主动权益/混合,yes,A股主动,already_in_site,中欧创新未来混合(LOF)
501219,SSE,华夏智胜先锋股票(LOF)A,智胜先锋,华夏基金管理有限公司,1.2909,2022/2/9,-,A股-主动,境内主动权益/混合,yes,A股主动,already_in_site,华夏智胜先锋股票(LOF)A
506008,SSE,长城科创两年定开混合A,科创长城,长城基金管理有限公司,0.8278,2022/3/28,-,A股-主动,境内主动权益/混合,yes,A股主动,already_in_site,长城科创两年定开混合A
160119,SZSE,南方中证500ETF联接(LOF)A,500ETF联接LOF,南方基金管理股份有限公司,"3,630.36",,905,A股-指数,境内指数/行业主题,yes,A股指数,already_in_site,南方中证500ETF联接(LOF)A
160135,SZSE,南方中证高铁产业指数(LOF),高铁基金LOF,南方基金管理股份有限公司,711.73,,399807 高铁产业,A股-指数,境内指数/行业主题,yes,A股指数,already_in_site,南方中证高铁产业指数(LOF)
160143,SZSE,南方创业板2年定期开放混合,创业板定开南方,南方基金管理股份有限公司,"2,741.55",,,A股-指数,境内指数/行业主题,yes,A股指数,already_in_site,南方创业板2年定期开放混合
160211,SZSE,国泰中小盘成长混合(LOF),国泰小盘LOF,国泰基金管理有限公司,"1,541.59",,,A股-指数,境内指数/行业主题,yes,A股指数,already_in_site,国泰中小盘成长混合(LOF)
160218,SZSE,国泰国证房地产行业指数A,房地产LOF,国泰基金管理有限公司,"2,998.30",,399393 国证地产,A股-指数,境内指数/行业主题,yes,A股指数,already_in_site,国泰国证房地产行业指数A
160219,SZSE,国泰国证医药卫生行业指数A,医药LOF,国泰基金管理有限公司,"15,408.36",,399394 国证医药,A股-指数,境内指数/行业主题,yes,A股指数,already_in_site,国泰国证医药卫生行业指数A
160221,SZSE,国泰国证有色金属行业指数(LOF)A,有色金属LOF,国泰基金管理有限公司,"4,369.19",,399395 国证有色,A股-指数,境内指数/行业主题,yes,A股指数,already_in_site,国泰国证有色金属行业指数(LOF)A
160222,SZSE,国泰国证食品饮料行业(LOF)A,食品LOF,国泰基金管理有限公司,"8,473.37",,399396 国证食品,A股-指数,境内指数/行业主题,yes,A股指数,already_in_site,国泰国证食品饮料行业(LOF)A
160223,SZSE,国泰创业板指数(LOF)A,创业板LOF,国泰基金管理有限公司,920.8,,399006 创业板指,A股-指数,境内指数/行业主题,yes,A股指数,already_in_site,国泰创业板指数(LOF)A
160225,SZSE,国泰国证新能源汽车指数A,新能源汽车LOF,国泰基金管理有限公司,914,,399417 新能源车,A股-指数,境内指数/行业主题,yes,A股指数,already_in_site,国泰国证新能源汽车指数A
160325,SZSE,华夏创业板两年定开混合,华夏创业板定开,华夏基金管理有限公司,"11,536.29",,,A股-指数,境内指数/行业主题,yes,A股指数,already_in_site,华夏创业板两年定开混合
160529,SZSE,博时创业板两年定开混合,创业板博时定开,博时基金管理有限公司,"3,731.54",,,A股-指数,境内指数/行业主题,yes,A股指数,already_in_site,博时创业板两年定开混合
160615,SZSE,鹏华沪深300ETF联接(LOF)A,鹏华300LOF,鹏华基金管理有限公司,436.57,,300,A股-指数,境内指数/行业主题,yes,A股指数,already_in_site,鹏华沪深300ETF联接(LOF)A
160616,SZSE,鹏华中证500指数(LOF)A,鹏华500LOF,鹏华基金管理有限公司,381.11,,905,A股-指数,境内指数/行业主题,yes,A股指数,already_in_site,鹏华中证500指数(LOF)A
160620,SZSE,鹏华资源A,资源LOF,鹏华基金管理有限公司,720.12,,805,A股-指数,境内指数/行业主题,yes,A股指数,already_in_site,鹏华资源A
160625,SZSE,证保LOF,证保LOF,鹏华基金管理有限公司,"5,120.36",,399966 800非银,A股-指数,境内指数/行业主题,yes,A股指数,already_in_site,鹏华中证800证券保险指数(L
160626,SZSE,鹏华信息A,信息LOF,鹏华基金管理有限公司,912.1,,935,A股-指数,境内指数/行业主题,yes,A股指数,already_in_site,鹏华信息A
160628,SZSE,鹏华中证800地产指数(LOF)A,地产LOF,鹏华基金管理有限公司,"1,263.84",,399965 800地产,A股-指数,境内指数/行业主题,yes,A股指数,already_in_site,鹏华中证800地产指数(LOF)A
160629,SZSE,鹏华中证传媒指数(LOF)A,传媒LOF,鹏华基金管理有限公司,863.49,,399971 中证传媒,A股-指数,境内指数/行业主题,yes,A股指数,already_in_site,鹏华中证传媒指数(LOF)A
160630,SZSE,鹏华国防A,国防LOF,鹏华基金管理有限公司,"8,266.49",,399973 中证国防,A股-指数,境内指数/行业主题,yes,A股指数,already_in_site,鹏华国防A
160631,SZSE,银行LOF基金,银行LOF基金,鹏华基金管理有限公司,"9,500.89",,399986 中证银行,A股-指数,境内指数/行业主题,yes,A股指数,already_in_site,鹏华银行A
160632,SZSE,鹏华酒A,酒LOF,鹏华基金管理有限公司,"37,680.63",,399987 中证酒,A股-指数,境内指数/行业主题,yes,A股指数,already_in_site,鹏华酒A
160633,SZSE,鹏华券商A,券商LOF,鹏华基金管理有限公司,"1,491.09",,399975 证券公司,A股-指数,境内指数/行业主题,yes,A股指数,already_in_site,鹏华券商A
160635,SZSE,鹏华中证医药卫生(LOF)A,医药LOF基金,鹏华基金管理有限公司,593.23,,933,A股-指数,境内指数/行业主题,yes,A股指数,already_in_site,鹏华中证医药卫生(LOF)A
160637,SZSE,鹏华创业板指数(LOF)A,创业板LOF基金,鹏华基金管理有限公司,878.64,,399006 创业板指,A股-指数,境内指数/行业主题,yes,A股指数,already_in_site,鹏华创业板指数(LOF)A
160638,SZSE,鹏华中证一带一路主题指数(LOF)A,带路LOF,鹏华基金管理有限公司,317.32,,399991 一带一路,A股-指数,境内指数/行业主题,yes,A股指数,already_in_site,鹏华中证一带一路主题指数(LOF)A
160639,SZSE,鹏华中证高铁产业指数(LOF)A,高铁LOF,鹏华基金管理有限公司,863.54,,399807 高铁产业,A股-指数,境内指数/行业主题,yes,A股指数,already_in_site,鹏华中证高铁产业指数(LOF)A
160643,SZSE,鹏华空天军工指数(LOF)A,空天军工LOF,鹏华基金管理有限公司,"3,526.84",,930875,A股-指数,境内指数/行业主题,yes,A股指数,already_in_site,鹏华空天军工指数(LOF)A
160706,SZSE,嘉实沪深300ETF联接A,沪深300LOF,嘉实基金管理有限公司,"25,516.67",,300,A股-指数,境内指数/行业主题,yes,A股指数,already_in_site,嘉实沪深300ETF联接A
160716,SZSE,嘉实基本面50指数(LOF)A,基本面50LOF,嘉实基金管理有限公司,"1,378.93",,925,A股-指数,境内指数/行业主题,yes,A股指数,already_in_site,嘉实基本面50指数(LOF)A
160806,SZSE,长盛同庆中证800(LOF),长盛中证800LOF,长盛基金管理有限公司,"2,942.36",,906,A股-指数,境内指数/行业主题,yes,A股指数,already_in_site,长盛同庆中证800(LOF)
160807,SZSE,长盛沪深300指数(LOF)A,长盛沪深300LOF,长盛基金管理有限公司,155.8,,300,A股-指数,境内指数/行业主题,yes,A股指数,already_in_site,长盛沪深300指数(LOF)A
160918,SZSE,大成中小盘混合(LOF)A,中小盘LOF,大成基金管理有限公司,"4,869.74",,,A股-指数,境内指数/行业主题,yes,A股指数,already_in_site,大成中小盘混合(LOF)A
160925,SZSE,大成中华沪深港300指数(LOF)A,沪深港300LOF,大成基金管理有限公司,211.71,,CES300,A股-指数,境内指数/行业主题,yes,A股指数,already_in_site,大成中华沪深港300指数(LOF)A
160926,SZSE,大成创业板两年定开混合A,创业板定开,大成基金管理有限公司,"7,865.66",,,A股-指数,境内指数/行业主题,yes,A股指数,already_in_site,大成创业板两年定开混合A
161017,SZSE,富国中证500指数增强(LOF)A,500增强LOF,富国基金管理有限公司,"2,649.41",,905,A股-指数,境内指数/行业主题,yes,A股指数,already_in_site,富国中证500指数增强(LOF)A
161024,SZSE,富国中证军工指数(LOF)A,军工LOF,富国基金管理有限公司,"14,179.23",,399967 中证军工,A股-指数,境内指数/行业主题,yes,A股指数,already_in_site,富国中证军工指数(LOF)A
161025,SZSE,富国中证移动互联网指数(LOF)A,互联网LOF,富国基金管理有限公司,"4,160.76",,399970 移动互联,A股-指数,境内指数/行业主题,yes,A股指数,already_in_site,富国中证移动互联网指数(LOF)A
161026,SZSE,富国中证国有企业改革指数(LOF)A,国企改革LOF,富国基金管理有限公司,"17,830.21",,399974 国企改革,A股-指数,境内指数/行业主题,yes,A股指数,already_in_site,富国中证国有企业改革指数(LOF)A
161027,SZSE,富国中证全指证券公司指数(LOF)A,证券LOF,富国基金管理有限公司,"14,368.83",,399975 证券公司,A股-指数,境内指数/行业主题,yes,A股指数,already_in_site,富国中证全指证券公司指数(LOF)A
161028,SZSE,富国中证新能源汽车指数(LOF)A,新能源车LOF,富国基金管理有限公司,"7,976.30",,399976 CS新能车,A股-指数,境内指数/行业主题,yes,A股指数,already_in_site,富国中证新能源汽车指数(LOF)A
161029,SZSE,富国中证银行指数(LOF)A,银行龙头LOF,富国基金管理有限公司,783.5,,399986 中证银行,A股-指数,境内指数/行业主题,yes,A股指数,already_in_site,富国中证银行指数(LOF)A
161030,SZSE,富国中证体育产业指数(LOF)A,体育LOF,富国基金管理有限公司,"1,052.28",,399804 中证体育,A股-指数,境内指数/行业主题,yes,A股指数,already_in_site,富国中证体育产业指数(LOF)A
161031,SZSE,富国中证工业4.0指数(LOF)A,工业40LOF,富国基金管理有限公司,"1,834.80",,399803 工业4.0,A股-指数,境内指数/行业主题,yes,A股指数,already_in_site,富国中证工业4.0指数(LOF)A
161032,SZSE,富国中证煤炭指数(LOF)A,煤炭龙头LOF,富国基金管理有限公司,"1,470.34",,399998 中证煤炭,A股-指数,境内指数/行业主题,yes,A股指数,already_in_site,富国中证煤炭指数(LOF)A
161033,SZSE,富国中证智能汽车(LOF)A,智能汽车LOF,富国基金管理有限公司,282.33,,930721,A股-指数,境内指数/行业主题,yes,A股指数,already_in_site,富国中证智能汽车(LOF)A
161035,SZSE,富国中证医药主题指数增强A,医药增强LOF,富国基金管理有限公司,604.52,,930791,A股-指数,境内指数/行业主题,yes,A股指数,already_in_site,富国中证医药主题指数增强A
161036,SZSE,富国中证娱乐主题指数增强(LOF)A,娱乐增强LOF,富国基金管理有限公司,505.13,,930790,A股-指数,境内指数/行业主题,yes,A股指数,already_in_site,富国中证娱乐主题指数增强(LOF)A
161037,SZSE,高端制造LOF,高端制造LOF,富国基金管理有限公司,313.79,,930820,A股-指数,境内指数/行业主题,yes,A股指数,already_in_site,富国中证高端制造指数增强型(L
161038,SZSE,富国新兴成长量化精选混合(LOF)A,成长LOF,富国基金管理有限公司,92.08,,,A股-指数,境内指数/行业主题,yes,A股指数,already_in_site,富国新兴成长量化精选混合(LOF)A
161039,SZSE,富国中证1000指数增强(LOF)A,1000增强LOF,富国基金管理有限公司,577.82,,852,A股-指数,境内指数/行业主题,yes,A股指数,already_in_site,富国中证1000指数增强(LOF)A
161040,SZSE,富国创业板两年定开混合,创业富国定开,富国基金管理有限公司,"7,203.47",,,A股-指数,境内指数/行业主题,yes,A股指数,already_in_site,富国创业板两年定开混合
161118,SZSE,易方达中小企业100(LOF)A,中小企业100LOF,易方达基金管理有限公司,"2,582.42",,399005 中小100,A股-指数,境内指数/行业主题,yes,A股指数,already_in_site,易方达中小企业100(LOF)A
161121,SZSE,易方达中证银行ETF联接(LOF)A,银行LOF易方达,易方达基金管理有限公司,783.03,,399986 中证银行,A股-指数,境内指数/行业主题,yes,A股指数,already_in_site,易方达中证银行ETF联接(LOF)A
161122,SZSE,生物科技LOF,生物科技LOF,易方达基金管理有限公司,"2,268.87",,399993 CSWD生科,A股-指数,境内指数/行业主题,yes,A股指数,already_in_site,易方达中证万得生物科技指数(L
161123,SZSE,易方达中证万得并购重组(LOF),并购重组LOF,易方达基金管理有限公司,"2,476.73",,399992 CSWD并购,A股-指数,境内指数/行业主题,yes,A股指数,already_in_site,易方达中证万得并购重组(LOF)
161217,SZSE,国投瑞银中证资源指数(LOF)A,国投资源LOF,国投瑞银基金管理有限公司,"3,250.91",,961,A股-指数,境内指数/行业主题,yes,A股指数,already_in_site,国投瑞银中证资源指数(LOF)A
161227,SZSE,国投瑞银深证100指数,国投深证100LOF,国投瑞银基金管理有限公司,"11,669.66",,399330 深证100,A股-指数,境内指数/行业主题,yes,A股指数,already_in_site,国投瑞银深证100指数
161607,SZSE,融通巨潮100指数A(LOF),巨潮100LOF,融通基金管理有限公司,605.27,,399313 巨潮100,A股-指数,境内指数/行业主题,yes,A股指数,already_in_site,融通巨潮100指数A(LOF)
161631,SZSE,融通人工智能指数(LOF)A,人工智能LOF,融通基金管理有限公司,"2,550.49",,930713,A股-指数,境内指数/行业主题,yes,A股指数,already_in_site,融通人工智能指数(LOF)A
161720,SZSE,招商中证全指证券公司指数(LOF)A,证券基金LOF,招商基金管理有限公司,"16,444.10",,399975 证券公司,A股-指数,境内指数/行业主题,yes,A股指数,already_in_site,招商中证全指证券公司指数(LOF)A
161724,SZSE,招商中证煤炭等权指数(LOF)A,煤炭等权LOF,招商基金管理有限公司,889.48,,399990 煤炭等权,A股-指数,境内指数/行业主题,yes,A股指数,already_in_site,招商中证煤炭等权指数(LOF)A
161725,SZSE,招商中证白酒指数(LOF)A,白酒基金LOF,招商基金管理有限公司,"337,337.36",,399997 中证白酒,A股-指数,境内指数/行业主题,yes,A股指数,already_in_site,招商中证白酒指数(LOF)A
161726,SZSE,招商国证生物医药指数(LOF)A,生物医药LOF,招商基金管理有限公司,"41,596.46",,399441 生物医药,A股-指数,境内指数/行业主题,yes,A股指数,already_in_site,招商国证生物医药指数(LOF)A
161811,SZSE,银华沪深300指数(LOF),沪深300LOF银华,银华基金管理股份有限公司,485.03,,300,A股-指数,境内指数/行业主题,yes,A股指数,already_in_site,银华沪深300指数(LOF)
161812,SZSE,银华深证100指数(LOF),深证100LOF,银华基金管理股份有限公司,"16,435.43",,399330 深证100,A股-指数,境内指数/行业主题,yes,A股指数,already_in_site,银华深证100指数(LOF)
161816,SZSE,银华中证等权重90指数(LOF),中证90LOF,银华基金管理股份有限公司,"3,304.90",,971,A股-指数,境内指数/行业主题,yes,A股指数,already_in_site,银华中证等权重90指数(LOF)
161914,SZSE,万家创业板2年定期开放混合A,创业板2年定开,万家基金管理有限公司,"16,681.26",,,A股-指数,境内指数/行业主题,yes,A股指数,already_in_site,万家创业板2年定期开放混合A
162216,SZSE,宏利500指数增强(LOF),宏利500增强LOF,宏利基金管理有限公司,231.32,,905,A股-指数,境内指数/行业主题,yes,A股指数,already_in_site,宏利500指数增强(LOF)
162307,SZSE,海富通中证A100指数(LOF)A,海富通A100LOF,海富通基金管理有限公司,145.92,,903,A股-指数,境内指数/行业主题,yes,A股指数,already_in_site,海富通中证A100指数(LOF)A
162412,SZSE,华宝医疗ETF联接A,医疗基金LOF,华宝基金管理有限公司,"27,920.19",,399989 中证医疗,A股-指数,境内指数/行业主题,yes,A股指数,already_in_site,华宝医疗ETF联接A
162509,SZSE,国联安中证A100指数(LOF),中证A100LOF,国联安基金管理有限公司,"5,676.22",,903,A股-指数,境内指数/行业主题,yes,A股指数,already_in_site,国联安中证A100指数(LOF)
162703,SZSE,广发小盘成长混合(LOF)A,广发小盘LOF,广发基金管理有限公司,"18,335.16",,,A股-指数,境内指数/行业主题,yes,A股指数,already_in_site,广发小盘成长混合(LOF)A
162711,SZSE,广发中证500ETF联接A,中证500LOF,广发基金管理有限公司,803.64,,905,A股-指数,境内指数/行业主题,yes,A股指数,already_in_site,广发中证500ETF联接A
162720,SZSE,广发创业板两年定开混合,广发创业板定开,广发基金管理有限公司,"14,624.88",,,A股-指数,境内指数/行业主题,yes,A股指数,already_in_site,广发创业板两年定开混合
163001,SZSE,长信医疗保健混合(LOF)A,长信医疗LOF,长信基金管理有限责任公司,350.46,,399927 央企100,A股-指数,境内指数/行业主题,yes,A股指数,already_in_site,长信医疗保健混合(LOF)A
163109,SZSE,申万菱信深证成份指数(LOF)A,申万深成LOF,申万菱信基金管理有限公司,"14,723.08",,399001 深证成指,A股-指数,境内指数/行业主题,yes,A股指数,already_in_site,申万菱信深证成份指数(LOF)A
163110,SZSE,申万菱信量化小盘股票(LOF)A,申万量化LOF,申万菱信基金管理有限公司,300.58,,,A股-指数,境内指数/行业主题,yes,A股指数,already_in_site,申万菱信量化小盘股票(LOF)A
163111,SZSE,申万中小LOF,申万中小LOF,申万菱信基金管理有限公司,720.48,,399005 中小100,A股-指数,境内指数/行业主题,yes,A股指数,already_in_site,申万菱信中小企业100指数(L
163113,SZSE,申万证券LOF,申万证券LOF,申万菱信基金管理有限公司,"16,503.58",,399707 CSSW证券,A股-指数,境内指数/行业主题,yes,A股指数,already_in_site,申万菱信中证申万证券行业指数(
163114,SZSE,申万菱信中证环保产业指数(LOF)A,申万环保LOF,申万菱信基金管理有限公司,"2,397.64",,827,A股-指数,境内指数/行业主题,yes,A股指数,already_in_site,申万菱信中证环保产业指数(LOF)A
163115,SZSE,申万菱信中证军工指数(LOF)A,申万军工LOF,申万菱信基金管理有限公司,"1,859.95",,399967 中证军工,A股-指数,境内指数/行业主题,yes,A股指数,already_in_site,申万菱信中证军工指数(LOF)A
163116,SZSE,申万电子LOF,申万电子LOF,申万菱信基金管理有限公司,419.18,,399811 CSSW电子,A股-指数,境内指数/行业主题,yes,A股指数,already_in_site,申万中证申万电子行业投资指数(
163118,SZSE,医药生物LOF,医药生物LOF,申万菱信基金管理有限公司,"4,207.44",,808,A股-指数,境内指数/行业主题,yes,A股指数,already_in_site,申万菱信中证申万医药生物指数(
163407,SZSE,兴全沪深300指数(LOF)A,兴全沪深300LOF,兴证全球基金管理有限公司,"2,871.35",,300,A股-指数,境内指数/行业主题,yes,A股指数,already_in_site,兴全沪深300指数(LOF)A
163821,SZSE,中银沪深300等权重指数,沪深300等权LOF,中银基金管理有限公司,62.47,,984,A股-指数,境内指数/行业主题,yes,A股指数,already_in_site,中银沪深300等权重指数
164508,SZSE,国富中证A100指数增强(LOF),国富中证A100LOF,国海富兰克林基金管理有限公司,169.84,,903,A股-指数,境内指数/行业主题,yes,A股指数,already_in_site,国富中证A100指数增强(LOF)
165309,SZSE,建信沪深300指数(LOF),沪深300LOF建信,建信基金管理有限责任公司,125.5,,300,A股-指数,境内指数/行业主题,yes,A股指数,already_in_site,建信沪深300指数(LOF)
165511,SZSE,中信保诚中证500指数(LOF)A,中信保诚500LOF,中信保诚基金管理有限公司,989.67,,905,A股-指数,境内指数/行业主题,yes,A股指数,already_in_site,中信保诚中证500指数(LOF)A
165515,SZSE,中信保诚沪深300指数(LOF)A,中信保诚300LOF,中信保诚基金管理有限公司,"1,898.10",,300,A股-指数,境内指数/行业主题,yes,A股指数,already_in_site,中信保诚沪深300指数(LOF)A
165519,SZSE,医药生物科技LOF,医药生物科技LOF,中信保诚基金管理有限公司,"1,044.54",,841,A股-指数,境内指数/行业主题,yes,A股指数,already_in_site,中信保诚中证800医药指数(L
165520,SZSE,有色LOF,有色LOF,中信保诚基金管理有限公司,"2,474.76",,823,A股-指数,境内指数/行业主题,yes,A股指数,already_in_site,中信保诚中证800有色指数(L
165521,SZSE,金融LOF,金融LOF,中信保诚基金管理有限公司,"6,169.86",,974,A股-指数,境内指数/行业主题,yes,A股指数,already_in_site,中信保诚中证800金融指数(L
165522,SZSE,中信保诚中证TMT(LOF)A,TMTLOF,中信保诚基金管理有限公司,852.72,,998,A股-指数,境内指数/行业主题,yes,A股指数,already_in_site,中信保诚中证TMT(LOF)A
165525,SZSE,中信保诚中证基建工程指数(LOF)A,基建工程LOF,中信保诚基金管理有限公司,"6,842.51",,399995 基建工程,A股-指数,境内指数/行业主题,yes,A股指数,already_in_site,中信保诚中证基建工程指数(LOF)A
166027,SZSE,中欧创业板两年定开混合A,中欧创业定开,中欧基金管理有限公司,"7,704.36",,,A股-指数,境内指数/行业主题,yes,A股指数,already_in_site,中欧创业板两年定开混合A
166107,SZSE,信澳量化多因子混合(LOF)A,多因子LOF,信达澳亚基金管理有限公司,157.76,,,A股-指数,境内指数/行业主题,yes,A股指数,already_in_site,信澳量化多因子混合(LOF)A
167301,SZSE,方正富邦中证保险A,保险主题LOF,方正富邦基金管理有限公司,"31,494.86",,399809 保险主题,A股-指数,境内指数/行业主题,yes,A股指数,already_in_site,方正富邦中证保险A
167302,SZSE,方正富邦大湾区综指(LOF),大湾区LOF,方正富邦基金管理有限公司,96.49,,HSBBAC,A股-指数,境内指数/行业主题,yes,A股指数,already_in_site,方正富邦大湾区综指(LOF)
167506,SZSE,安信深圳科技指数(LOF)A,安信深圳科技LOF,安信基金管理有限责任公司,298.61,,931136,A股-指数,境内指数/行业主题,yes,A股指数,already_in_site,安信深圳科技指数(LOF)A
168203,SZSE,国联国证钢铁行业指数(LOF)A,钢铁LOF,国联基金管理有限公司,308.9,,399440 国证钢铁,A股-指数,境内指数/行业主题,yes,A股指数,already_in_site,国联国证钢铁行业指数(LOF)A
168204,SZSE,国联中证煤炭指数(LOF)A,煤炭LOF,国联基金管理有限公司,"2,153.13",,399998 中证煤炭,A股-指数,境内指数/行业主题,yes,A股指数,already_in_site,国联中证煤炭指数(LOF)A
168701,SZSE,合煦智远金融科技指数(LOF)A,金融科技LOF,合煦智远基金管理有限公司,"1,065.87",,399699 金融科技,A股-指数,境内指数/行业主题,yes,A股指数,already_in_site,合煦智远金融科技指数(LOF)A
501005,SSE,汇添富中证精准医疗指数(LOF)A,精准医疗,汇添富基金管理股份有限公司,0.3043,2016/3/21,-,A股-指数,境内指数/行业主题,yes,A股指数,already_in_site,汇添富中证精准医疗指数(LOF)A
501007,SSE,汇添富中证互联网医疗指数(LOF)A,互联医疗,汇添富基金管理股份有限公司,0.1131,2017/2/20,-,A股-指数,境内指数/行业主题,yes,A股指数,already_in_site,汇添富中证互联网医疗指数(LOF)A
501008,SSE,汇添富中证互联网医疗指数(LOF)C,互联医C,汇添富基金管理股份有限公司,0.0556,2017/2/20,-,A股-指数,境内指数/行业主题,yes,A股指数,already_in_site,汇添富中证互联网医疗指数(LOF)C
501009,SSE,汇添富中证生物科技指数(LOF)A,生物科技,汇添富基金管理股份有限公司,0.8739,2017/2/20,-,A股-指数,境内指数/行业主题,yes,A股指数,already_in_site,汇添富中证生物科技指数(LOF)A
501010,SSE,汇添富中证生物科技指数(LOF)C,生物科C,汇添富基金管理股份有限公司,0.1434,2017/2/20,-,A股-指数,境内指数/行业主题,yes,A股指数,already_in_site,汇添富中证生物科技指数(LOF)C
501011,SSE,汇添富中证中药ETF联接(LOF)A,中药基金,汇添富基金管理股份有限公司,0.3917,2017/2/20,-,A股-指数,境内指数/行业主题,yes,A股指数,already_in_site,汇添富中证中药ETF联接(LOF)A
501012,SSE,汇添富中证中药ETF联接(LOF)C,中药C,汇添富基金管理股份有限公司,0.1429,2017/2/20,-,A股-指数,境内指数/行业主题,yes,A股指数,already_in_site,汇添富中证中药ETF联接(LOF)C
501016,SSE,国泰中证申万证券行业指数(LOF)A,券商基金,国泰基金管理有限公司,0.3201,2017/5/19,-,A股-指数,境内指数/行业主题,yes,A股指数,already_in_site,国泰中证申万证券行业指数(LOF)A
501019,SSE,国泰国证航天军工指数(LOF)A,军工基金,国泰基金管理有限公司,0.3377,2017/4/21,-,A股-指数,境内指数/行业主题,yes,A股指数,already_in_site,国泰国证航天军工指数(LOF)A
501029,SSE,红利基金LOF,红利基金,华宝基金管理有限公司,2.308,2017/2/13,-,A股-指数,境内指数/行业主题,yes,A股指数,already_in_site,华宝标普中国A股红利机会ETF
501030,SSE,汇添富中证环境治理指数(LOF)A,环境治理,汇添富基金管理股份有限公司,0.1105,2017/2/20,-,A股-指数,境内指数/行业主题,yes,A股指数,already_in_site,汇添富中证环境治理指数(LOF)A
501031,SSE,汇添富中证环境治理指数(LOF)C,环境C,汇添富基金管理股份有限公司,0.0212,2017/2/20,-,A股-指数,境内指数/行业主题,yes,A股指数,already_in_site,汇添富中证环境治理指数(LOF)C
501036,SSE,汇添富中证500指数(LOF)A,中证500A,汇添富基金管理股份有限公司,0.1384,2017/10/9,-,A股-指数,境内指数/行业主题,yes,A股指数,already_in_site,汇添富中证500指数(LOF)A
501037,SSE,汇添富中证500指数(LOF)C,中证500C,汇添富基金管理股份有限公司,0.0386,2017/10/9,-,A股-指数,境内指数/行业主题,yes,A股指数,already_in_site,汇添富中证500指数(LOF)C
501043,SSE,汇添富沪深300指数(LOF)A,沪深300A,汇添富基金管理股份有限公司,0.3909,2017/10/9,-,A股-指数,境内指数/行业主题,yes,A股指数,already_in_site,汇添富沪深300指数(LOF)A
501045,SSE,汇添富沪深300指数(LOF)C,沪深300C,汇添富基金管理股份有限公司,0.0751,2017/10/9,-,A股-指数,境内指数/行业主题,yes,A股指数,already_in_site,汇添富沪深300指数(LOF)C
501047,SSE,证券公司LOF,全指证券,汇添富基金管理股份有限公司,0.0307,2018/1/18,-,A股-指数,境内指数/行业主题,yes,A股指数,already_in_site,汇添富中证全指证券公司ETF联
501048,SSE,证券公司LOFC,证券C,汇添富基金管理股份有限公司,0.0309,2018/1/18,-,A股-指数,境内指数/行业主题,yes,A股指数,already_in_site,汇添富中证全指证券公司ETF联
501050,SSE,华夏上证50AH优选指数A,50AH,华夏基金管理有限公司,3.0558,2016/11/28,-,A股-指数,境内指数/行业主题,yes,A股指数,already_in_site,华夏上证50AH优选指数A
501059,SSE,西部利得国企红利指数增强A,国企红利,西部利得基金管理有限公司,0.09,2018/7/26,-,A股-指数,境内指数/行业主题,yes,A股指数,already_in_site,西部利得国企红利指数增强A
501060,SSE,中金中证优选300指数(LOF)A,金选300A,中金基金管理有限公司,0.6197,2018/9/25,-,A股-指数,境内指数/行业主题,yes,A股指数,already_in_site,中金中证优选300指数(LOF)A
501061,SSE,中金中证优选300指数(LOF)C,金选300C,中金基金管理有限公司,0.0335,2018/9/25,-,A股-指数,境内指数/行业主题,yes,A股指数,already_in_site,中金中证优选300指数(LOF)C
501089,SSE,方正富邦消费红利指数增强(LOF),消费增强,方正富邦基金管理有限公司,0.5639,2019/12/31,-,A股-指数,境内指数/行业主题,yes,A股指数,already_in_site,方正富邦消费红利指数增强(LOF)
501090,SSE,华宝中证消费龙头指数(LOF)A,消费基金,华宝基金管理有限公司,1.4308,2020/1/6,-,A股-指数,境内指数/行业主题,yes,A股指数,already_in_site,华宝中证消费龙头指数(LOF)A
501095,SSE,中银证券科技创新混合(LOF),BOCI科创,中银国际证券股份有限公司,0.468,2020/7/8,-,A股-指数,境内指数/行业主题,yes,A股指数,already_in_site,中银证券科技创新混合(LOF)
501209,SSE,银华富久食品饮料精选混合(LOF)A,富久LOF,银华基金管理股份有限公司,0.1004,2021/12/2,-,A股-指数,境内指数/行业主题,yes,A股指数,already_in_site,银华富久食品饮料精选混合(LOF)A
501227,SSE,泓德红利优选混合(LOF)A,红利优选,泓德基金管理有限公司,4.2339,2025/6/25,-,A股-指数,境内指数/行业主题,yes,A股指数,already_in_site,泓德红利优选混合(LOF)A
501307,SSE,银河中证沪港深高股息A,红利LOF,银河基金管理有限公司,0.1995,2018/4/25,-,A股-指数,境内指数/行业主题,yes,A股指数,already_in_site,银河中证沪港深高股息A
501310,SSE,华宝沪港深价值指数A,价值基金,华宝基金管理有限公司,0.165,2018/11/22,-,A股-指数,境内指数/行业主题,yes,A股指数,already_in_site,华宝沪港深价值指数A
502000,SSE,500增强LOF,500增强,西部利得基金管理有限公司,0.2885,2015/4/27,-,A股-指数,境内指数/行业主题,yes,A股指数,already_in_site,西部利得中证500指数增强(L
502003,SSE,易方达中证军工(LOF)A,军工LOF,易方达基金管理有限公司,0.4662,2015/7/15,-,A股-指数,境内指数/行业主题,yes,A股指数,already_in_site,易方达中证军工(LOF)A
502006,SSE,易方达中证国企改革(LOF)A,国企改革,易方达基金管理有限公司,0.1423,2015/6/25,-,A股-指数,境内指数/行业主题,yes,A股指数,already_in_site,易方达中证国企改革(LOF)A
502010,SSE,证券LOF,证券LOF,易方达基金管理有限公司,0.3203,2015/7/15,-,A股-指数,境内指数/行业主题,yes,A股指数,already_in_site,易方达中证全指证券公司指数(L
502013,SSE,长盛中证申万一带一路指数(LOF),一带一路,长盛基金管理有限公司,0.3075,2015/6/9,-,A股-指数,境内指数/行业主题,yes,A股指数,already_in_site,长盛中证申万一带一路指数(LOF)
502023,SSE,鹏华国证钢铁行业指数(LOF)A,钢铁LOF,鹏华基金管理有限公司,0.0284,2015/8/24,-,A股-指数,境内指数/行业主题,yes,A股指数,already_in_site,鹏华国证钢铁行业指数(LOF)A
502048,SSE,易方达上证50指数(LOF)A,50LOF,易方达基金管理有限公司,0.3949,2015/4/27,-,A股-指数,境内指数/行业主题,yes,A股指数,already_in_site,易方达上证50指数(LOF)A
502053,SSE,长盛中证证券公司指数(LOF)A,券商LOF,长盛基金管理有限公司,0.1184,2015/8/24,-,A股-指数,境内指数/行业主题,yes,A股指数,already_in_site,长盛中证证券公司指数(LOF)A
502056,SSE,广发中证医疗ETF联接(LOF)A,医疗基金,广发基金管理有限公司,0.2326,2015/7/31,-,A股-指数,境内指数/行业主题,yes,A股指数,already_in_site,广发中证医疗ETF联接(LOF)A
506000,SSE,南方科创板3年定开混合,科创板基,南方基金管理股份有限公司,9.9738,2021/1/28,-,A股-指数,境内指数/行业主题,yes,A股指数,already_in_site,南方科创板3年定开混合
506001,SSE,万家科创板2年定开混合,万家科创,万家基金管理有限公司,1.7702,2021/2/3,-,A股-指数,境内指数/行业主题,yes,A股指数,already_in_site,万家科创板2年定开混合
506002,SSE,易方达科创板两年定开混合,易基科创,易方达基金管理有限公司,4.7302,2021/1/28,-,A股-指数,境内指数/行业主题,yes,A股指数,already_in_site,易方达科创板两年定开混合
506003,SSE,富国科创板两年定开混合,富国科创,富国基金管理有限公司,2.6606,2021/1/29,-,A股-指数,境内指数/行业主题,yes,A股指数,already_in_site,富国科创板两年定开混合
506005,SSE,博时科创板三年定开混合,科创板BS,博时基金管理有限公司,12.4858,2021/1/29,-,A股-指数,境内指数/行业主题,yes,A股指数,already_in_site,博时科创板三年定开混合
506006,SSE,汇添富科创板2年定开混合,添富科创,汇添富基金管理股份有限公司,3.0305,2021/1/28,-,A股-指数,境内指数/行业主题,yes,A股指数,already_in_site,汇添富科创板2年定开混合
160105,SZSE,南方积极配置混合(LOF),南方积配LOF,南方基金管理股份有限公司,"1,034.51",,,FOF,FOF/配置,no,,4_fof,南方积极配置混合(LOF)
160326,SZSE,华夏优选配置股票(FOF-LOF)A,优选配置FOF-LOF,华夏基金管理有限公司,"6,960.01",,,FOF,FOF/配置,no,,4_fof,华夏优选配置股票(FOF-LOF)A
161133,SZSE,优势回报FOF-LOF,优势回报FOF-LOF,易方达基金管理有限公司,429.63,,,FOF,FOF/配置,no,,4_fof,易方达优势回报混合(FOF-L
162721,SZSE,广发积极优势混合(FOF-LOF)A,广发积极FOF-LOF,广发基金管理有限公司,233.22,,,FOF,FOF/配置,no,,4_fof,广发积极优势混合(FOF-LOF)A
501210,SSE,交银智选星光混合(FOF-LOF)A,智选FOF,交银施罗德基金管理有限公司,0.0887,2021/11/19,-,FOF,FOF/配置,no,,4_fof,交银智选星光混合(FOF-LOF)A
501211,SSE,民生加银优享FOF,优享FOF,民生加银基金管理有限公司,0.0113,2021/12/22,-,FOF,FOF/配置,no,,4_fof,民生加银优享6个月定开混合(F
501212,SSE,广发优选配置混合(FOF-LOF)A,优选配置,广发基金管理有限公司,0.5699,2021/11/19,-,FOF,FOF/配置,no,,4_fof,广发优选配置混合(FOF-LOF)A
501213,SSE,中欧汇选混合(FOF-LOF)A,中欧汇选,中欧基金管理有限公司,0.2453,2021/11/19,-,FOF,FOF/配置,no,,4_fof,中欧汇选混合(FOF-LOF)A
501215,SSE,积极配置FOF,积极FOF,兴证全球基金管理有限公司,1.4116,2021/11/19,-,FOF,FOF/配置,no,,4_fof,兴证全球积极配置混合(FOF-
501216,SSE,富国行业精选FOF,行业精选,富国基金管理有限公司,0.139,2022/1/18,-,FOF,FOF/配置,no,,4_fof,富国智鑫行业精选股票(FOF-
501217,SSE,华夏行业配置股票(FOF-LOF)A,行业FOF,华夏基金管理有限公司,0.0633,2022/4/25,-,FOF,FOF/配置,no,,4_fof,华夏行业配置股票(FOF-LOF)A
501218,SSE,工银睿智进取股票(FOF-LOF)A,睿智FOF,工银瑞信基金管理有限公司,1.0098,2021/12/17,-,FOF,FOF/配置,no,,4_fof,工银睿智进取股票(FOF-LOF)A
501220,SSE,国泰行业轮动股票(FOF-LOF)A,行业轮动,国泰基金管理有限公司,0.3921,2022/8/15,-,FOF,FOF/配置,no,,4_fof,国泰行业轮动股票(FOF-LOF)A
501222,SSE,如意招享FOF,如意招享,易方达基金管理有限公司,0.0097,2023/2/1,-,FOF,FOF/配置,no,,4_fof,易方达如意招享混合(FOF-L
160128,SZSE,南方金利定开债券A,南方金利定开,南方基金管理股份有限公司,"4,428.74",,,债券-境内债,境内债券/固收,no,,5_bond,南方金利定开债券A
160513,SZSE,博时稳健回报债券(LOF)A,稳健债LOF,博时基金管理有限公司,384.44,,,债券-境内债,境内债券/固收,no,,5_bond,博时稳健回报债券(LOF)A
160515,SZSE,博时安丰18个月定开债A,安丰18定开,博时基金管理有限公司,306.03,,,债券-境内债,境内债券/固收,no,,5_bond,博时安丰18个月定开债A
160617,SZSE,鹏华丰润债券(LOF),鹏华丰润LOF,鹏华基金管理有限公司,158.58,,,债券-境内债,境内债券/固收,no,,5_bond,鹏华丰润债券(LOF)
160618,SZSE,鹏华丰泽债券(LOF)C,鹏华丰泽LOF,鹏华基金管理有限公司,"4,525.05",,,债券-境内债,境内债券/固收,no,,5_bond,鹏华丰泽债券(LOF)C
160621,SZSE,鹏华丰和债券(LOF)A,鹏华丰和LOF,鹏华基金管理有限公司,99.98,,,债券-境内债,境内债券/固收,no,,5_bond,鹏华丰和债券(LOF)A
160622,SZSE,鹏华丰利债券(LOF)A,鹏华丰利LOF,鹏华基金管理有限公司,"1,311.56",,,债券-境内债,境内债券/固收,no,,5_bond,鹏华丰利债券(LOF)A
161010,SZSE,富国天丰强化债券(LOF)A,富国天丰LOF,富国基金管理有限公司,"3,954.43",,,债券-境内债,境内债券/固收,no,,5_bond,富国天丰强化债券(LOF)A
161014,SZSE,富国汇利回报两年定期开放债券,富国汇利定开,富国基金管理有限公司,970.86,,,债券-境内债,境内债券/固收,no,,5_bond,富国汇利回报两年定期开放债券
161015,SZSE,富国天盈债券(LOF)C,富国天盈LOF,富国基金管理有限公司,"1,128.05",,,债券-境内债,境内债券/固收,no,,5_bond,富国天盈债券(LOF)C
161019,SZSE,富国新天锋债券(LOF)A,富国天锋LOF,富国基金管理有限公司,"1,018.24",,,债券-境内债,境内债券/固收,no,,5_bond,富国新天锋债券(LOF)A
161115,SZSE,易方达岁丰添利债券(LOF)A,易基岁丰添利LOF,易方达基金管理有限公司,"11,202.75",,,债券-境内债,境内债券/固收,no,,5_bond,易方达岁丰添利债券(LOF)A
161117,SZSE,易方达永旭定开债,易基永旭添利定开,易方达基金管理有限公司,"20,686.14",,,债券-境内债,境内债券/固收,no,,5_bond,易方达永旭定开债
161119,SZSE,易方达中债新综指发起式(LOF)A,易方达新综债LOF,易方达基金管理有限公司,"53,061.30",,CBA00101,债券-境内债,境内债券/固收,no,,5_bond,易方达中债新综指发起式(LOF)A
161216,SZSE,国投瑞银双债债券(LOF)A,国投双债LOF,国投瑞银基金管理有限公司,"2,748.85",,,债券-境内债,境内债券/固收,no,,5_bond,国投瑞银双债债券(LOF)A
161505,SZSE,银河通利债券(LOF)A,银河通利债券LOF,银河基金管理有限公司,615.74,,,债券-境内债,境内债券/固收,no,,5_bond,银河通利债券(LOF)A
161614,SZSE,融通四季添利债券(LOF)A,融通四季添利LOF,融通基金管理有限公司,171.57,,,债券-境内债,境内债券/固收,no,,5_bond,融通四季添利债券(LOF)A
161626,SZSE,融通通福债券(LOF)A,融通通福LOF,融通基金管理有限公司,61.89,,,债券-境内债,境内债券/固收,no,,5_bond,融通通福债券(LOF)A
161713,SZSE,招商信用添利债券(LOF)A,招商信用添利LOF,招商基金管理有限公司,"3,597.45",,,债券-境内债,境内债券/固收,no,,5_bond,招商信用添利债券(LOF)A
161716,SZSE,招商双债增强债券(LOF)C,招商双债LOF,招商基金管理有限公司,"84,968.71",,,债券-境内债,境内债券/固收,no,,5_bond,招商双债增强债券(LOF)C
161820,SZSE,银华纯债信用债券(LOF)A,银华纯债LOF,银华基金管理股份有限公司,203.49,,,债券-境内债,境内债券/固收,no,,5_bond,银华纯债信用债券(LOF)A
161908,SZSE,万家添利债券(LOF)C,万家添利LOF,万家基金管理有限公司,116.51,,,债券-境内债,境内债券/固收,no,,5_bond,万家添利债券(LOF)C
162105,SZSE,金鹰持久增利债券(LOF)C,金鹰持久增利LOF,金鹰基金管理有限公司,86.83,,,债券-境内债,境内债券/固收,no,,5_bond,金鹰持久增利债券(LOF)C
162108,SZSE,金鹰元盛债券(LOF)C,金鹰元盛债券LOF,金鹰基金管理有限公司,139.63,,,债券-境内债,境内债券/固收,no,,5_bond,金鹰元盛债券(LOF)C
162215,SZSE,宏利聚利债券(LOF),宏利聚利债券LOF,宏利基金管理有限公司,"2,156.65",,,债券-境内债,境内债券/固收,no,,5_bond,宏利聚利债券(LOF)
162712,SZSE,广发聚利债券(LOF)A,广发聚利LOF,广发基金管理有限公司,303.75,,,债券-境内债,境内债券/固收,no,,5_bond,广发聚利债券(LOF)A
162715,SZSE,广发聚源债券(LOF)A,广发聚源LOF,广发基金管理有限公司,328.38,,,债券-境内债,境内债券/固收,no,,5_bond,广发聚源债券(LOF)A
163003,SZSE,长信利鑫债券(LOF)C,长信利鑫LOF,长信基金管理有限责任公司,92.49,,,债券-境内债,境内债券/固收,no,,5_bond,长信利鑫债券(LOF)C
163005,SZSE,长信利众债券(LOF)C,长信利众LOF,长信基金管理有限责任公司,115.2,,,债券-境内债,境内债券/固收,no,,5_bond,长信利众债券(LOF)C
163819,SZSE,中银信用增利债券(LOF)A,中银信用增利LOF,中银基金管理有限公司,"1,337.96",,,债券-境内债,境内债券/固收,no,,5_bond,中银信用增利债券(LOF)A
163907,SZSE,中海惠裕纯债发起式,中海惠裕LOF,中海基金管理有限公司,133.32,,,债券-境内债,境内债券/固收,no,,5_bond,中海惠裕纯债发起式
164105,SZSE,华富强化回报债券(LOF),华富强债LOF,华富基金管理有限公司,182.73,,,债券-境内债,境内债券/固收,no,,5_bond,华富强化回报债券(LOF)
164206,SZSE,天弘添利债券(LOF)C,天弘添利LOF,天弘基金管理有限公司,"1,268.79",,,债券-境内债,境内债券/固收,no,,5_bond,天弘添利债券(LOF)C
164208,SZSE,天弘丰利债券(LOF)E,天弘丰利LOF,天弘基金管理有限公司,74.74,,,债券-境内债,境内债券/固收,no,,5_bond,天弘丰利债券(LOF)E
164210,SZSE,天弘同利债券(LOF)C,天弘同利LOF,天弘基金管理有限公司,70.83,,,债券-境内债,境内债券/固收,no,,5_bond,天弘同利债券(LOF)C
164509,SZSE,国富恒利债券(LOF)A,国富恒利债券LOF,国海富兰克林基金管理有限公司,97.13,,,债券-境内债,境内债券/固收,no,,5_bond,国富恒利债券(LOF)A
164606,SZSE,华泰柏瑞信用增利债(LOF)A,信用增利LOF,华泰柏瑞基金管理有限公司,55.91,,,债券-境内债,境内债券/固收,no,,5_bond,华泰柏瑞信用增利债(LOF)A
164703,SZSE,汇添富纯债(LOF)A,汇添富纯债LOF,汇添富基金管理股份有限公司,214.45,,,债券-境内债,境内债券/固收,no,,5_bond,汇添富纯债(LOF)A
164808,SZSE,工银四季收益债券A,工银四季LOF,工银瑞信基金管理有限公司,682.15,,,债券-境内债,境内债券/固收,no,,5_bond,工银四季收益债券A
164810,SZSE,工银纯债定开债,工银纯债定开,工银瑞信基金管理有限公司,"2,673.16",,,债券-境内债,境内债券/固收,no,,5_bond,工银纯债定开债
164814,SZSE,工银双债增强债券,工银双债LOF,工银瑞信基金管理有限公司,106.7,,,债券-境内债,境内债券/固收,no,,5_bond,工银双债增强债券
164902,SZSE,交银信用添利债券(LOF),交银添利LOF,交银施罗德基金管理有限公司,43.57,,,债券-境内债,境内债券/固收,no,,5_bond,交银信用添利债券(LOF)
165311,SZSE,建信信用增强债券(LOF)A,信用债LOF,建信基金管理有限责任公司,48.78,,,债券-境内债,境内债券/固收,no,,5_bond,建信信用增强债券(LOF)A
165509,SZSE,中信保诚增强收益债券(LOF)A,中信保诚增强LOF,中信保诚基金管理有限公司,114.3,,,债券-境内债,境内债券/固收,no,,5_bond,中信保诚增强收益债券(LOF)A
165517,SZSE,中信保诚双盈债券(LOF)A,中信保诚双盈LOF,中信保诚基金管理有限公司,255.9,,,债券-境内债,境内债券/固收,no,,5_bond,中信保诚双盈债券(LOF)A
166008,SZSE,中欧增强回报债券(LOF)A,中欧强债LOF,中欧基金管理有限公司,89.85,,,债券-境内债,境内债券/固收,no,,5_bond,中欧增强回报债券(LOF)A
166016,SZSE,中欧纯债债券(LOF)C,中欧纯债LOF,中欧基金管理有限公司,614.57,,,债券-境内债,境内债券/固收,no,,5_bond,中欧纯债债券(LOF)C
166105,SZSE,信澳鑫安债券(LOF)A,信澳鑫安LOF,信达澳亚基金管理有限公司,61.64,,,债券-境内债,境内债券/固收,no,,5_bond,信澳鑫安债券(LOF)A
166401,SZSE,浦银安盛稳健增利债券C,稳健增利LOF,浦银安盛基金管理有限公司,107.04,,,债券-境内债,境内债券/固收,no,,5_bond,浦银安盛稳健增利债券C
167501,SZSE,安信宝利债券(LOF)D,安信宝利债券LOF,安信基金管理有限责任公司,247.57,,,债券-境内债,境内债券/固收,no,,5_bond,安信宝利债券(LOF)D
160644,SZSE,鹏华港美互联股票人民币,港美互联网LOF,鹏华基金管理有限公司,"8,125.88",,,QDII-多市场,跨市场/其他境外权益,yes,混合市场,already_in_site,鹏华港美互联股票人民币
164824,SZSE,工银印度基金人民币,印度基金LOF,工银瑞信基金管理有限公司,"139,399.90",,,QDII-多市场,跨市场/其他境外权益,yes,其他境外权益,already_in_site,工银印度基金人民币
164906,SZSE,中概互联网LOF,中概互联网LOF,交银施罗德基金管理有限公司,"88,541.35",,H11136,QDII-多市场,跨市场/其他境外权益,yes,混合市场,already_in_site,交银中证海外中国互联网指数(L
501225,SSE,全球芯片LOF,全球芯片,景顺长城基金管理有限公司,7.853,2023/4/14,-,QDII-多市场,跨市场/其他境外权益,yes,混合市场,already_in_site,景顺长城全球半导体芯片股票A(
501312,SSE,海外科技LOF,海外科技,华宝基金管理有限公司,6.3798,2023/4/25,-,QDII-多市场,跨市场/其他境外权益,yes,混合市场,already_in_site,华宝海外科技股票(QDII-L
160717,SZSE,嘉实H股指数(QDII-LOF),H股LOF,嘉实基金管理有限公司,"4,558.31",,HSCEI,QDII-港股,港股宽基/主题,yes,港股,already_in_site,嘉实H股指数(QDII-LOF)
160924,SZSE,大成恒生指数(QDII-LOF)A,恒生指数LOF,大成基金管理有限公司,948.69,,HSI,QDII-港股,港股宽基/主题,yes,港股,already_in_site,大成恒生指数(QDII-LOF)A
161124,SZSE,易方达香港小型股指数A,港股小盘LOF,易方达基金管理有限公司,"5,398.21",,HSSI,QDII-港股,港股宽基/主题,yes,港股,already_in_site,易方达香港小型股指数A
501301,SSE,华宝香港大盘A,香港大盘,华宝基金管理有限公司,0.2197,2017/5/8,-,QDII-港股,港股宽基/主题,yes,港股,already_in_site,华宝香港大盘A
501302,SSE,南方恒指ETF联接(LOF)A,恒生联接,南方基金管理股份有限公司,0.1552,2017/8/15,-,QDII-港股,港股宽基/主题,yes,港股,already_in_site,南方恒指ETF联接(LOF)A
160140,SZSE,美国REIT精选LOF,美国REIT精选LOF,南方基金管理股份有限公司,"7,154.39",,DWRTF,QDII-美股,美股宽基/主题,yes,美股,already_in_site,南方道琼斯美国精选A
161125,SZSE,易方达标普500指数人民币A,标普500LOF,易方达基金管理有限公司,"24,707.00",,SPXNTR,QDII-美股,美股宽基/主题,yes,美股,already_in_site,易方达标普500指数人民币A
161127,SZSE,易方达标普生物科技人民币A,标普生物科技LOF,易方达基金管理有限公司,"11,984.34",,SPSIBI,QDII-美股,美股宽基/主题,yes,美股,already_in_site,易方达标普生物科技人民币A
161128,SZSE,标普信息科技LOF,标普信息科技LOF,易方达基金管理有限公司,"48,217.76",,SBI,QDII-美股,美股宽基/主题,yes,美股,already_in_site,易方达标普信息科技指数(QDI
161130,SZSE,纳斯达克100LOF,纳斯达克100LOF,易方达基金管理有限公司,"15,973.82",,NDX,QDII-美股,美股宽基/主题,yes,美股,already_in_site,易方达纳斯达克100ETF联接
162415,SZSE,华宝标普美国消费人民币A,美国消费LOF,华宝基金管理有限公司,"8,823.20",,SPCDSSI,QDII-美股,美股宽基/主题,yes,美股,already_in_site,华宝标普美国消费人民币A
501300,SSE,海富通全球收益债券人民币,美元债,海富通基金管理有限公司,15.2305,2017/2/16,-,债券-美元债,海外债/美元债,yes,其他,already_in_site,海富通全球收益债券人民币
160416,SZSE,华安标普全球石油指数(LOF)A,石油基金LOF,华安基金管理有限公司,"16,993.43",,IN0006,商品-原油,原油/油气,yes,原油主题,already_in_site,华安标普全球石油指数(LOF)A
160723,SZSE,嘉实原油(QDII-LOF),嘉实原油LOF,嘉实基金管理有限公司,"67,561.00",,,商品-原油,原油/油气,yes,原油主题,already_in_site,嘉实原油(QDII-LOF)
162411,SZSE,华宝标普油气上游股票人民币A,华宝油气LOF,华宝基金管理有限公司,"245,170.41",,SPSIOPTR,商品-原油,原油/油气,yes,原油主题,already_in_site,华宝标普油气上游股票人民币A
162719,SZSE,广发道琼斯石油指数人民币A,石油LOF,广发基金管理有限公司,"24,730.47",,SOEPI,商品-原油,原油/油气,yes,原油主题,already_in_site,广发道琼斯石油指数人民币A
163208,SZSE,全球油气能源LOF,全球油气能源LOF,诺安基金管理有限公司,"13,764.56",,,商品-原油,原油/油气,yes,原油主题,already_in_site,诺安油气能源
501018,SSE,南方原油LOF,南方原油,南方基金管理股份有限公司,15.132,2016/6/28,-,商品-原油,原油/油气,yes,原油主题,already_in_site,南方原油A
160216,SZSE,国泰商品LOF,国泰商品LOF,国泰基金管理有限公司,"31,451.19",,,商品-混合,大宗商品/混合商品,yes,其他商品,already_in_site,国泰大宗商品
161715,SZSE,招商大宗商品(LOF),大宗商品LOF,招商基金管理有限公司,"2,905.12",,979,商品-混合,大宗商品/混合商品,yes,其他商品,already_in_site,招商大宗商品(LOF)
161815,SZSE,抗通胀LOF,抗通胀LOF,银华基金管理股份有限公司,"16,285.49",,,商品-混合,大宗商品/混合商品,yes,其他商品,already_in_site,银华抗通胀主题(QDII-FO
160719,SZSE,嘉实黄金LOF,嘉实黄金LOF,嘉实基金管理有限公司,"15,463.44",,,商品-贵金属,贵金属,yes,贵金属主题,already_in_site,嘉实黄金
161116,SZSE,易方达黄金主题人民币A,黄金主题LOF,易方达基金管理有限公司,"21,704.14",,,商品-贵金属,贵金属,yes,贵金属主题,already_in_site,易方达黄金主题人民币A
161226,SZSE,国投瑞银白银期货(LOF)A,国投白银LOF,国投瑞银基金管理有限公司,"365,288.68",,,商品-贵金属,贵金属,yes,贵金属主题,already_in_site,国投瑞银白银期货(LOF)A
164701,SZSE,黄金LOF,黄金LOF,汇添富基金管理股份有限公司,"42,528.62",,,商品-贵金属,贵金属,yes,贵金属主题,already_in_site,汇添富黄金及贵金属(QDII-
165513,SZSE,中信保诚商品LOF,中信保诚商品LOF,中信保诚基金管理有限公司,"4,991.31",,,商品-贵金属,贵金属,yes,贵金属主题,already_in_site,中信保诚全球商品主题(QDII
